{"cameraMode":{"drawMode":0,"name":"Shaded","section":"Shading Mode"},"sceneLighting":true,"audioPlay":false,"sceneViewState":{"m_AlwaysRefresh":false,"showFog":true,"showSkybox":true,"showFlares":true,"showImageEffects":true,"showParticleSystems":true,"showVisualEffectGraphs":true,"m_FxEnabled":true},"in2DMode":false,"pivot":{"x":193.33494567871095,"y":-57.1280517578125,"z":45.11604309082031},"rotation":{"x":-0.001794084906578064,"y":0.7466152906417847,"z":-0.6652194261550903,"w":-0.0020165755413472654},"size":590.9197998046875,"orthographic":false}